word;
авторитетный;
аристократ;
атмосферный;
башковитый;
безупречный;
безупречный;
бескомпромиссный;
бесстрашный;
библия;
благодатный;
благополучный;
благоприятный;
благородный;
благородство;
благословлять;
благостный;
благочестие;
блистательный;
богатство;
богатырский;
вдумчивый;
вежливый;
везунчик;
везунчик;
великолепие;
величественный;
величественный;
величественный;
верный;
веселый;
ветеран;
вечный;
вечный;
взаимопомощь;
виртуоз;
виртуоз;
вкуснятина;
вкуснятина;
владыка;
владыка;
внимательный;
внятный;
возвышенность;
волевой;
волевой;
волшебный;
волшебный;
волшебный;
волшебный;
воспевать;
восторг;
восторгаться;
восхитительный;
восхищать;
впечатлять;
вражий;
вундеркинд;
выздоравливать;
выздоровление;
высокоинтеллектуальный;
высокообразованный;
высокопоставленный;
галантный;
гармоничность;
гармония;
гениальность;
гениальность;
гениальный;
гениальный;
гениальный;
героизм;
героический;
годный;
гордиться;
гостеприимный;
гостеприимство;
грандиозный;
грандиозный;
громадный;
гуманность;
дар;
дар;
дворянский;
дед;
детка;
джентльмен;
диво;
диво;
доброжелательность;
доброжелательный;
доброжелательный;
доброжелательный;
доброта;
доброта;
добрый;
добряк;
доверие;
долговечность;
достопочтенный;
достояние;
дружить;
дружище;
дружный;
женственность;
живописный;
живописный;
жизнелюбивый;
забота;
заботиться;
замечательный;
здоровый;
здоровье;
знаменательный;
знание;
знание;
зоркий;
идеал;
избыточный;
инновационный;
инновационный;
интеллектуальный;
искать;
искренний;
искренний;
компетентный;
конструктивный;
красавица;
красавица;
красота;
красотища;
красотища;
крепкий;
лаконичный;
лапочка;
ласковый;
легендарный;
ленинград;
ликовать;
ликовать;
лихой;
личность;
любимый;
любить;
любить;
любоваться;
любопытство;
мемориал;
миллионер;
милосердный;
милый;
милый;
милый;
миролюбивый;
могущественный;
модернизация;
модернизация;
молодец;
молодчина;
молодчина;
мощный;
мудрец;
мудрец;
мудрый;
муж;
мужественный;
мужественный;
мужественный;
надежный;
наставать;
научный;
небывалый;
невиновный;
неопровержимый;
непобежденный;
непогрешимый;
неподдельный;
неподкупный;
несказанный;
несказанный;
нобелевский;
обнимать;
обожать;
обрадовать;
общемировой;
общепризнанный;
общительный;
оглушительный;
опрятный;
отзывчивый;
отзывчивый;
отзывчивый;
отличный;
патриотичный;
первоклассный;
перспективный;
победный;
подвиг;
подвиг;
по-детски;
подмосковный;
подробный;
пожаловать;
поздравление;
позитивный;
полезный;
политбюро;
полноценный;
поощрять;
порядочный;
посильный;
поумнеть;
по-человечески;
по-человечески;
почесть;
правда;
правильный;
праздничный;
праздничный;
превосходный;
предприимчивый;
презентабельный;
прекрасный;
прелестный;
прелесть;
премудрый;
престижный;
пречистый;
привлекательный;
приговор;
примечательный;
принцесса;
приятный;
приятный;
прогрессивный;
продуктивный;
продуктивный;
проникновенный;
процветать;
радовать;
радостный;
радушный;
райский;
райский;
реалистический;
резвый;
родительский;
роскошный;
российский;
рулить;
самоотверженный;
святой;
сенсация;
сильный;
симпатизировать;
симпатяга;
славянский;
сногсшибательный;
сногсшибательный;
сострадание;
спасибо;
спелый;
стопроцентный;
субботник;
счастливчик;
сынок;
сытный;
тактичность;
тактичный;
талант;
талантливый;
терпение;
тесный;
титанический;
толковый;
торжествовать;
традиция;
требовательный;
триумф;
триумфальный;
трогательность;
удивительный;
удивительный;
удобный;
украшать;
улучшаться;
улыбаться;
улыбчивый;
умелый;
умненький;
умница;
уникальный;
уникальный;
ура;
ура;
урожай;
успех;
успешный;
фотография;
фура;
хвалить;
хитроумный;
хорошенький;
храбрый;
христианский;
целенаправленный;
целеустремленный;
чистенький;
чудный;
чуткий;
чуткий;
шикарный;
шикарный;
шутка;
шутник;
щедрость;
щедрость;
экспрессивный;
экстаз;
эталонный;
этический;
ясный;
;
австрийский;
авто;
автомобиль;
авторитаризм;
авторитет;
авторитетный;
авторитетный;
авторитетный;
адекватность;
адекватность;
адекватный;
адекватный;
адекватный;
адекватный;
адекватный;
академик;
аккуратненький;
аккуратность;
аккуратность;
аккуратный;
аккуратный;
активист;
актуальный;
акушерка;
аллах;
альтернатива;
амбициозный;
амбициозный;
амнистия;
амур;
антикоррупционный;
антикоррупционный;
антикоррупционный;
антитеррористический;
аппетитный;
аппетитный;
аристократический;
архив;
атмосфера;
атмосферный;
аутентичный;
аутентичный;
батюшка;
башкир;
башковитый;
башковитый;
бдительность;
бдительный;
бедняга;
безбедный;
безвредность;
безвредность;
безвредный;
безвредный;
безвредный;
безвредный;
безграничный;
безграничный;
безгрешный;
безгрешный;
безопасность;
безопасный;
безопасный;
безопасный;
безукоризненный;
безупречный;
безусловный;
белоснежный;
белоснежный;
бельгия;
бережливый;
бережливый;
бережливый;
беречь;
берия;
бескровный;
бескровный;
бесподобный;
бесподобный;
бесподобный;
беспредельный;
беспрецедентный;
беспримерный;
беспристрастный;
беспристрастный;
беспристрастный;
бессмертный;
бессмертный;
бесстрашный;
бесстрашный;
бесстрашный;
бестия;
бесчисленный;
благо;
благоволение;
благоволение;
благоволение;
благоволить;
благоволить;
благоговение;
благодарить;
благодарность;
благодарность;
благодарственный;
благодарственный;
благодатный;
благодатный;
благоденствие;
благоденствие;
благоденствие;
благодушный;
благодушный;
благодушный;
благозвучный;
благозвучный;
благой;
благой;
благополучие;
благополучие;
благополучие;
благополучие;
благополучный;
благопристойный;
благопристойный;
благопристойный;
благоприятный;
благоприятствовать;
благоприятствовать;
благоприятствовать;
благоразумие;
благоразумие;
благородный;
благородный;
благосклонный;
благосклонный;
благосклонный;
благословение;
благословенный;
благословенный;
благословенный;
благословлять;
благословлять;
благосостояние;
благосостояние;
благосостояние;
благостный;
благостный;
благотворитель;
благотворитель;
благотворитель;
благотворительность;
благотворительность;
благотворительный;
благоустройство;
благочестивый;
благочестивый;
благочестие;
блаженный;
блаженный;
блажь;
блеск;
блеск;
блистать;
бог;
богатенький;
богатеть;
богатство;
богатый;
богатый;
богатырский;
богатырский;
богатырский;
богатырский;
боготворить;
боготворить;
богоугодный;
богоугодный;
бодрый;
бодрый;
боевой;
божественный;
божественный;
божественный;
божество;
божий;
божий;
божий;
бойкий;
бойкий;
бонус;
бонус;
бонус;
бонусный;
бороться;
бороться;
братский;
брест;
бросовый;
брутальный;
бунтарь;
бунтарь;
быстрорастущий;
быстрорастущий;
быстрый;
бычок;
важный;
важный;
ввс;
вдоволь;
вдохновение;
вдохновение;
вдохновитель;
вдохновлять;
вдумчивый;
вдумчивый;
вдумчивый;
вдумчивый;
вежливость;
вежливость;
вежливость;
вежливый;
везение;
везение;
везучий;
везучий;
везучий;
великий;
великодержавный;
великодержавный;
великолепие;
великолепие;
великолепный;
величественный;
величие;
величие;
величие;
величие;
вена;
вера;
верить;
верность;
верность;
вернуть;
верный;
верный;
верный;
верный;
веселенький;
веселие;
веселие;
веселить;
веселуха;
весельчак;
весельчак;
весомость;
ветеран;
взаимность;
взаимность;
взаимный;
взаимовыгодный;
взаимовыгодный;
взаимовыгодный;
взаимопомощь;
взаимопомощь;
взаимопомощь;
взаимопомощь;
взаимопонимание;
взаимопонимание;
вздрагивать;
вздрагивать;
вздыхать;
взлет;
виртуоз;
виртуозный;
включаться;
вкусненький;
вкусный;
вкусный;
вкусный;
вкуснятина;
вкуснятина;
вкуснятина;
вкуснятина;
владение;
владыка;
влечение;
влияние;
влюбленность;
влюбленность;
влюбленность;
влюбляться;
вменяемость;
вменяемость;
внимание;
внимательность;
внимательность;
внимательность;
внимательный;
внимательный;
внутри;
внятный;
вовремя;
водить;
военно-морской;
военнослужащий;
вожделенный;
вождь;
возвеличивать;
возвеличивать;
возврат;
возглавлять;
воздух;
возлюбить;
возлюбить;
возлюбить;
возможность;
вознаграждение;
вознаграждение;
вознаграждение;
возня;
возрадоваться;
возрадоваться;
возрадоваться;
возрадоваться;
возрадоваться;
возрадоваться;
возрадоваться;
возрадоваться;
возрождаться;
возрождаться;
возрождаться;
возрождаться;
воин;
воин;
воин;
воин;
воинственный;
воинственный;
воистину;
воистину;
волевой;
волшебник;
волшебный;
волшебный;
волшебство;
волшебство;
вольный;
воля;
воскресать;
воспевать;
воспользоваться;
восприятие;
восторг;
восторг;
восторгаться;
восторгаться;
восхваление;
восхваление;
восхвалять;
восхищать;
восхищать;
восхищение;
восхищение;
восхищение;
вот-вот;
впечатление;
впечатлять;
впечатлять;
впечатляющий;
впечатляющий;
вразумительный;
всегда;
всемирный;
всемирный;
всемогущий;
всеобщий;
всеобъемлющий;
всеобъемлющий;
всеобъемлющий;
всеобъемлющий;
всерьез;
всесильный;
всесильный;
встреча;
встречать;
вундеркинд;
выгода;
выгода;
выгодность;
выгодный;
выдержка;
выдержка;
выдержка;
выдумка;
выдумка;
выздоравливать;
выздоравливать;
выздоровление;
выигрывать;
выигрыш;
выигрышный;
выигрышный;
выкрадывать;
выкрутасы;
выкрутасы;
вылечивать;
вылечиваться;
вылечиваться;
вымысел;
выносливость;
вынуждать;
выправлять;
выправляться;
выправляться;
выправляться;
выпуклый;
выручать;
высокоинтеллектуальный;
высококвалифицированный;
высококвалифицированный;
высококлассный;
высококлассный;
высококлассный;
высококлассный;
высокомерие;
высокоморальный;
высокообразованный;
высокообразованный;
высокопоставленный;
высокопоставленный;
высокопроизводительный;
высокопроизводительный;
высокопроизводительный;
высота;
вытаскивать;
вычурный;
вышеперечисленный;
галантный;
гангстер;
гарант;
гарантированный;
гарантировать;
гарантировать;
гарантия;
гармоничность;
гармоничность;
гармоничность;
гармоничность;
гармоничность;
гармоничный;
гармоничный;
гармоничный;
гармония;
гармония;
гармония;
гармония;
гвинея;
гениальность;
гений;
гений;
гений;
германский;
героизм;
героизм;
героиня;
героический;
геройский;
геройский;
геройство;
геройство;
гигантский;
гладкий;
гладкий;
гламур;
глупышка;
годный;
годный;
голосовать;
гонор;
гонор;
горбачев;
гордиться;
гордиться;
гордиться;
гордость;
гордость;
гордость;
гордость;
гордый;
гордый;
гордый;
гордый;
гордый;
гормон;
горький;
гостеприимный;
гостеприимный;
гостеприимство;
гостеприимство;
государство;
готовить;
грамотность;
грамотный;
грамотный;
грамотный;
грандиозный;
грандиозный;
грант;
грезить;
громкий;
гуманизм;
гуманизм;
гуманизм;
гуманистический;
гуманистический;
гуманность;
гуманность;
гуманный;
гуманный;
гуманный;
дальновидный;
дальновидный;
дальновидный;
дальновидный;
дар;
дар;
дар;
двигатель;
движение;
движущий;
движущий;
движущий;
движущий;
движущий;
девственный;
девственный;
девственный;
действенный;
действенный;
деликатный;
деликатный;
деликатный;
деликатный;
деловой;
деловой;
дельный;
дельный;
демократический;
демократичность;
демократичность;
демократичный;
деревенский;
деревенский;
держаться;
десантник;
детектор;
детишки;
детишки;
детка;
детка;
детройт;
детский;
деятельность;
деятельный;
деятельный;
деятельный;
джентльменский;
джентльменский;
джентльменский;
джентльменский;
диверсант;
дивный;
дивный;
дивный;
диво;
диетический;
диетический;
динамический;
динамичный;
динамичный;
дипломатический;
дипломатичный;
дипломатичный;
директивный;
диск;
доблестный;
доблестный;
доблесть;
добренький;
добро;
добро;
добровольный;
добродетель;
добродетель;
добродетель;
доброжелательность;
доброжелательность;
доброжелательный;
доброжелательный;
доброжелательный;
доброкачественный;
добросовестность;
добросовестность;
добросовестность;
добросовестный;
добросовестный;
добросовестный;
добросовестный;
добрососедство;
добрососедство;
добрососедство;
доброта;
доброта;
доброта;
доброта;
доброта;
доброта;
добротный;
добротный;
добротный;
добрый;
добрый;
добрый;
добывать;
доверие;
доверчивый;
доверять;
довольный;
довольный;
догадливый;
догадливый;
доктор;
доктор;
докторский;
докторский;
долговечность;
долгожданный;
долгожданный;
долгоиграющий;
долгоиграющий;
дом;
домик;
домик;
донор;
дороговизна;
достаток;
достаток;
достижение;
достоверность;
достоверность;
достоверный;
достоверный;
достоверный;
достоинство;
достоинство;
достойный;
достойный;
достойный;
достопочтенный;
достопочтенный;
достояние;
достояние;
доступ;
доход;
доходный;
доходчивый;
дочь;
драгоценный;
драйв;
драйв;
дружба;
дружба;
дружба;
дружба;
дружба;
дружелюбие;
дружелюбие;
дружелюбие;
дружелюбный;
дружелюбный;
дружелюбный;
дружеский;
дружеский;
дружеский;
дружественный;
дружить;
дружище;
дружный;
дружный;
дружок;
духовность;
духовный;
душевный;
душевный;
душенька;
душеспасительный;
душеспасительный;
душистый;
душистый;
еда;
единение;
единомышленник;
единомышленник;
единственный;
единство;
единство;
единый;
жалостливый;
жалость;
желанный;
желанный;
желанный;
желанный;
желательный;
желать;
железный;
желтуха;
жена;
женственный;
женственный;
жертвенность;
жертвенность;
жертвенность;
жертвенность;
жертвенность;
жертвенный;
жертвовать;
жертвовать;
жжение;
живительный;
живительный;
живительный;
живописный;
живописный;
живописный;
живучесть;
живучесть;
живучий;
жизнелюбивый;
жизнелюбивый;
жизнерадостный;
жизнерадостный;
жизнеспособность;
жизнеспособный;
жизнеспособный;
жирный;
забавлять;
забавный;
забота;
заботиться;
заботиться;
заветный;
заветный;
заветный;
завидный;
завидный;
завидный;
заводной;
загорелый;
задешево;
задор;
задор;
задор;
задорнов;
зажигать;
заигрывать;
заинтересованность;
заинтересованный;
заинтересованный;
заинтересованный;
заинтересованный;
заинтересованный;
заинтриговывать;
зайка;
зайка;
зайка;
законный;
законопослушный;
заманчивый;
заманчивый;
заманчивый;
заменять;
замечательный;
замечательный;
замечательный;
замечательный;
замечательный;
замечательный;
заморский;
замуж;
занимательный;
занятный;
заповедный;
заповедь;
запрет;
заработок;
заслуга;
заслуживать;
застраховывать;
затмевать;
затмевать;
затмевать;
затмевать;
захотеть;
захотеть;
захотеться;
зацеплять;
зацикливаться;
зачетный;
зачетный;
защита;
защитник;
защитный;
защищать;
звучный;
здоровенький;
здоровенький;
здоровенький;
здоровый;
здоровый;
здравомыслящий;
здравомыслящий;
здравомыслящий;
здравствовать;
здравый;
здравый;
здравый;
зерно;
злободневный;
злободневный;
знаковый;
знаменательный;
знаменательный;
знатный;
золотой;
зоркий;
зреть;
иван;
игра;
идеальный;
идеальный;
идейный;
иероглиф;
избавлять;
известность;
известный;
извинение;
извиняться;
изменчивый;
изобретательный;
израильский;
именитый;
иммунный;
импонировать;
импонировать;
импонировать;
импульсивный;
индустриальный;
инженер;
инновационный;
инновационный;
инновационный;
инновационный;
иностранный;
интеграция;
интеллект;
интеллектуал;
интеллигентный;
интеллигентный;
интеллигентный;
интеллигенция;
интенсивный;
интересный;
интересный;
интересный;
интересовать;
интересовать;
информативный;
ироничный;
иррациональный;
исключительный;
исключительный;
исключительный;
исключительный;
искренний;
искрометный;
искрометный;
искрометный;
исповедь;
исповедь;
исполнение;
исправлять;
истинный;
истовый;
истовый;
истовый;
исторический;
исторический;
итальянский;
кайф;
кайф;
кайф;
кайф;
кайф;
кандидатский;
капитализм;
капитальный;
карелия;
касса;
качать;
качественный;
каяться;
квинтэссенция;
кеннеди;
кесарев;
кидать;
киевлянин;
кислый;
китаянка;
классический;
классный;
классный;
классный;
классный;
клевый;
клевый;
клятвенный;
колоссальный;
колоссальный;
колоссальный;
комильфо;
комильфо;
коммунистический;
компактный;
компактный;
компенсационный;
компетентный;
комплимент;
комплимент;
комплиментарный;
комплиментарный;
комплиментарный;
компромиссный;
компромиссный;
комсомолец;
комфортный;
комфортный;
комфортный;
конкуренция;
конструктивный;
конструктивный;
конструктор;
конструктор;
консульство;
контейнер;
конфетка;
конфетка;
концептуальный;
копирайт;
кораблик;
корректный;
красавица;
красивый;
красивый;
красивый;
красота;
красота;
красотища;
красотка;
красочный;
крепкий;
крепчать;
крещение;
кристальный;
крошечный;
крошечный;
крошка;
крошка;
крутой;
крутой;
крутой;
крутой;
круть;
круть;
кубинский;
культовый;
культурный;
культурный;
курение;
курорт;
кусок;
кусочек;
кусочек;
ладный;
лазурный;
лакомый;
лакомый;
лаконичный;
лаконичный;
лаконичный;
лаконичный;
лаконичный;
ласковый;
латинский;
лауреат;
лауреат;
легализовать;
легализовать;
легальный;
легендарный;
легендарный;
легитимность;
легитимность;
легитимный;
легкий;
легкость;
легкость;
ледокол;
лекарство;
лелеять;
лелеять;
лепота;
лепота;
лепота;
ликвидировать;
ликвидировать;
ликвидный;
ликвидный;
ликовать;
ликовать;
липовый;
лихой;
лихой;
лицензионный;
лицензионный;
личность;
лоб;
логика;
логичный;
лодка;
лорд;
лояльный;
лучезарный;
лучезарный;
льгота;
любвеобильный;
любезный;
любимый;
любить;
любоваться;
любоваться;
любоваться;
любоваться;
любовь;
любовь;
любознательный;
любознательный;
любознательный;
любознательный;
любопытный;
любопытство;
магазинчик;
магический;
максимальный;
маленький;
малолетний;
малочисленный;
малыш;
массовый;
масштаб;
материал;
матушка;
матушка;
мать;
махонький;
машинка;
мега;
медицина;
менторский;
мерси;
местный;
механический;
мечтательный;
мечтательный;
мечтать;
мечтать;
милосердный;
милость;
милый;
мирный;
мирный;
миролюбивый;
миролюбивый;
миролюбивый;
миролюбивый;
миролюбивый;
миротворческий;
младший;
многолетний;
многообещающий;
многообещающий;
многообразие;
многофункциональный;
многофункциональный;
мобильный;
могучий;
могучий;
могучий;
могущественный;
могущественный;
могущественный;
мода;
модный;
молиться;
молодец;
молодец;
молодец;
молодчина;
молодчина;
молодчина;
монументальный;
монументальный;
мораль;
мордашка;
мордочка;
мордочка;
мощный;
мощный;
мощный;
мудрец;
мудрец;
мудрость;
мудрость;
мудрый;
мудрый;
мужественный;
мужественный;
мужественный;
мужество;
мужество;
мужество;
мужик;
мужик;
мука;
мчс;
мышление;
мышление;
мягкий;
мягкотелый;
мятежный;
наблюдательный;
наблюдательный;
наблюдательный;
наводить;
награждать;
надежда;
надежда;
надежда;
надежность;
надежность;
надежный;
надежный;
надеяться;
надлежащий;
надлежащий;
надлежащий;
налог;
напористый;
напористый;
наравне;
наравне;
наслаждаться;
наслаждаться;
наслаждение;
наступательный;
научный;
национал;
национальность;
наш;
небезразличный;
небезразличный;
небезразличный;
небезразличный;
небесный;
небрежный;
небывалый;
невероятный;
невинный;
невинный;
невиновность;
невиновный;
невообразимый;
невредимый;
невредимый;
невысокий;
неглупый;
неглупый;
неглупый;
негромкий;
негромкий;
недорогой;
недорогой;
недорогой;
недорогой;
недорогой;
недосягаемый;
недосягаемый;
недосягаемый;
недурной;
недурной;
недурной;
недюжинный;
нежный;
нежный;
нежный;
нежный;
незаменимый;
незамутненный;
незамутненный;
неземной;
неземной;
неизгладимый;
неизгладимый;
неизмеримый;
неисчерпаемый;
неисчерпаемый;
неконфликтный;
неконфликтный;
некурящий;
нелегкий;
нелишний;
немаленький;
немаловажный;
немалый;
ненавязчивый;
ненавязчивый;
необъятный;
необъятный;
необыкновенный;
необыкновенный;
необычайный;
необычайный;
необычайный;
неограниченный;
неожиданный;
неожиданный;
неопасный;
неописуемый;
неординарный;
неординарный;
неоспоримый;
неотделимый;
неоценимый;
неоценимый;
неплохой;
неплохой;
неплохой;
неплохой;
неплохой;
непобежденный;
непобежденный;
непобежденный;
неповинный;
неповинный;
неповрежденный;
неповторимый;
непогрешимый;
неподдельный;
неподдельный;
неподдельный;
неподдельный;
неподдельный;
неподкупный;
непоколебимый;
непокорный;
непостижимый;
непотопляемый;
непотопляемый;
непрестанный;
неприхотливый;
неприхотливый;
непробиваемый;
непыльный;
неравнодушный;
нераскрытый;
нереальный;
несказанный;
несказанный;
нескучный;
нескучный;
нескучный;
несложный;
неслыханный;
несметный;
несомненный;
несравнимый;
нестандартный;
нетерпение;
нетленный;
нетленный;
нетленный;
нетривиальный;
нетривиальный;
нетривиальный;
нетривиальный;
неудержимый;
неуклонный;
неуловимый;
неуправляемый;
нехитрый;
новенький;
новенький;
новогодний;
новогодний;
новомодный;
новый;
ноль;
нормальный;
нормальный;
нравиться;
нравиться;
нравиться;
нравиться;
нравиться;
нравственность;
нравственность;
нравственность;
нравственность;
нравственный;
нравственный;
нравственный;
нужный;
обалдевать;
обеспечивать;
обильный;
облегчать;
облегчать;
облегчать;
облегчение;
обнимать;
обнимать;
обожать;
обожать;
оборона;
обоснованный;
обоснованный;
обоснованный;
обоюдный;
обрадовать;
обрадовать;
обрадоваться;
обрадоваться;
обрадоваться;
образованный;
образованный;
образованный;
образовательный;
обучать;
обучать;
обучение;
обширный;
общедоступный;
общемировой;
общечеловеческий;
общительный;
объединение;
объединение;
объединительный;
объединительный;
объединительный;
объединительный;
объединительный;
объединять;
объезжать;
объяснимый;
обычай;
обязательство;
оглушительный;
одессит;
однозначный;
однозначный;
одобрительный;
одобрительный;
одобрять;
одобрять;
одобрять;
оздоровительный;
оксфордский;
опасаться;
опека;
оплот;
оправдание;
оправдывать;
опрятный;
опрятный;
оптимальный;
оптимальный;
оптимальный;
оптимальный;
оптимальный;
оптимальный;
оптимизм;
оптимизм;
оптимист;
оптимист;
оптимист;
оптимистический;
оптимистичный;
оптимистичный;
оптимистичный;
опытный;
опытный;
оратор;
оратор;
организованный;
организованный;
организованный;
организованный;
организованный;
оригинальность;
оригинальность;
освобождение;
освящать;
освящать;
основа;
основательный;
основательный;
особенный;
особенный;
особенный;
особенный;
остап;
остап;
остап;
остроумный;
остроумный;
остроумный;
отважный;
отважный;
ответственность;
ответственный;
ответственный;
ответственный;
отечественный;
отечественный;
отечество;
отечество;
отклик;
откровенный;
открытие;
открытие;
отменный;
отменный;
отменный;
отчаянный;
офицер;
охуенный;
охуенный;
очаровательный;
очаровательный;
ощутимый;
ощущать;
память;
парадный;
парень;
париж;
париться;
парк;
партизан;
партизанский;
патриарх;
патриарх;
патриот;
патриот;
патриотизм;
патриотический;
патриотичный;
патриотичный;
пейзаж;
первоклассный;
первоклассный;
первоклассный;
первостепенный;
переделывать;
переигрывать;
переименовывать;
перспективный;
перспективный;
пещерный;
пионерский;
пионерский;
пират;
писать;
плакать;
пламень;
платный;
платок;
плодовитый;
плодовитый;
плодотворный;
плодотворный;
плодотворный;
плюс;
плюсовать;
плюсовать;
побаиваться;
победа;
победитель;
победитель;
победный;
победный;
победоносный;
победоносный;
побеждать;
повлиять;
поворотный;
повстанец;
повышать;
погожий;
погожий;
погожий;
подвиг;
поддержка;
поддержка;
по-детски;
подлинный;
подлинный;
подниматься;
подождать;
подписывать;
подпись;
подробный;
подружиться;
подымать;
пожалуйста;
пожертвовать;
позитив;
позитивный;
позитивный;
познавательный;
познавательный;
показательный;
показательный;
показательный;
покой;
покой;
покупка;
полезный;
полезный;
полезный;
политзаключенная;
полномасштабный;
полноправный;
полноправный;
полноправный;
полностью;
полноценный;
положительный;
польза;
полюбоваться;
полюбоваться;
помиловать;
помогать;
помощник;
помощник;
помощь;
помощь;
понаблюдать;
понравиться;
понравиться;
понравиться;
понятливый;
поощрительный;
поощрять;
популярный;
порадовать;
порадовать;
порадоваться;
поразительный;
порядочный;
порядочный;
посвящать;
посильный;
посильный;
послушный;
посмеяться;
постараться;
постмодернистский;
поумнеть;
поумнеть;
похвала;
похвала;
похвалить;
похвалить;
похвалить;
похвалить;
по-человечески;
по-человечески;
почесть;
почистить;
почистить;
правдивый;
правдивый;
правдивый;
правдоподобный;
правдоподобный;
праведный;
праведный;
правильность;
правильность;
правильный;
правозащитный;
православие;
прагматический;
праздничный;
праздничный;
праздничный;
праздничный;
праздновать;
праздновать;
превосходный;
превосходный;
превосходство;
превосходство;
превосходство;
превосходство;
превосходство;
предпочитать;
предприимчивый;
предприимчивый;
предприимчивый;
предприимчивый;
предприимчивый;
предприниматель;
представительный;
презентабельный;
преимущество;
преимущество;
преимущество;
прекрасный;
прекрасный;
прекрасный;
прелесть;
премудрый;
прерываться;
престижный;
престижный;
престижный;
пречистый;
прибыльный;
привилегия;
привлекательный;
привлекательный;
привлекательный;
привлекательный;
привлекательный;
привлекательный;
привлекательный;
привозить;
пригодный;
приемлемый;
признательный;
приключение;
прикольный;
прикольный;
прилежный;
прилежный;
приличный;
приличный;
приличный;
примечательный;
примечательный;
принадлежать;
принцесса;
принцесса;
приоритет;
приоритет;
припарковывать;
природный;
природоохранный;
прирост;
пристрастный;
пристрастный;
притягивать;
приятель;
приятный;
прогулка;
продуктивный;
продуктивный;
прозорливый;
прозорливый;
прозорливый;
производительность;
производительный;
производительный;
производственный;
пронзительный;
пронзительный;
проникновенный;
проникновенный;
проникновенный;
проникновенный;
проницательный;
проницательный;
проницательный;
проницательный;
пропагандировать;
простенький;
простительный;
просторный;
просторный;
просторный;
профессионал;
профессиональный;
профессор;
процветание;
процветание;
процветание;
процветать;
процветать;
процветать;
процветать;
прочность;
прощать;
прощать;
прощеный;
прояснение;
публикация;
пустяковый;
пух;
пухленький;
пухленький;
пушистый;
пылкий;
равенство;
равноправие;
равноправие;
радовать;
радовать;
радовать;
радоваться;
радостный;
радостный;
радость;
радость;
радушный;
радушный;
разбогатеть;
разбогатеть;
развиваться;
разнообразие;
разнообразие;
разный;
разрешительный;
разум;
разум;
разумный;
разумный;
разумный;
разъяснительный;
райский;
рассмешить;
рассмешить;
рассудительный;
рассудительный;
расти;
расчет;
расчетливый;
рациональный;
рациональный;
реальный;
реальный;
реальный;
редактировать;
редкость;
редкость;
резвый;
резвый;
резонный;
рекомендовать;
рекомендовать;
религия;
религия;
рентабельный;
респект;
респект;
респект;
респект;
ресурс;
реформировать;
рецензия;
решаться;
рискнуть;
родительский;
родной;
рождаемость;
романтический;
романтический;
романтический;
романтичный;
романтичный;
романтичный;
роскошный;
роскошный;
роскошь;
россия;
россиянин;
рпц;
рулить;
русский;
рьяный;
ряд;
саакашвили;
сакура;
самец;
самодостаточный;
самодостаточный;
самодостаточный;
самокритичный;
самоотверженный;
самосознание;
самостоятельный;
светлый;
светлый;
светлый;
свобода;
свобода;
свободный;
своевременный;
своевременный;
своеобразный;
святой;
святой;
священник;
сделка;
сегмент;
секретарша;
сексуальный;
семейный;
семья;
сенсационный;
сентиментальный;
сентиментальный;
сердобольный;
сердобольный;
сердце;
серьезный;
сжигать;
сила;
сильный;
симпатизировать;
симпатизировать;
симпатичный;
симпатичный;
симпатичный;
симпатяга;
сказочный;
сказочный;
сказочный;
сквер;
склад;
скромный;
скромный;
скупой;
скучать;
сладкий;
сладкий;
сладкий;
следствие;
слоновий;
служение;
смазливый;
смаковать;
смачный;
смачный;
смекалистый;
смекалистый;
смекалистый;
смелость;
смелость;
смелость;
смелый;
смелый;
смерш;
смешной;
смеяться;
смочь;
смысл;
снг;
сноб;
соболезновать;
собор;
собор;
собственность;
собственный;
совершенство;
совершенство;
совершенство;
совершенство;
совершенство;
совесть;
совесть;
советский;
согласный;
согласный;
содержательный;
сожаление;
сокровенный;
сокровенный;
солидарный;
солидарный;
солидный;
солидный;
солнышко;
солнышко;
сольный;
сообразительный;
сообразительный;
сообразительный;
сопереживание;
сопереживание;
сопереживать;
сопереживать;
сосед;
состоятельный;
состоятельный;
сострадание;
сострадание;
сострадательный;
сострадательный;
сострадательный;
сострадательный;
сотрудник;
сохранение;
сочетать;
сочетаться;
сочный;
сочный;
сочный;
сочувствие;
сочувствовать;
сочувствовать;
сочувствовать;
союзник;
союзник;
союзник;
спасать;
спасать;
спасать;
спасение;
спасение;
спасибо;
спасибочки;
спасибочки;
спасибочки;
спелый;
спелый;
спец;
специфический;
спецназ;
спокойный;
спорт;
спорт;
спорт;
способствовать;
справедливость;
справедливость;
справедливый;
справедливый;
спс;
срабатывать;
сражаться;
ссср;
стабильность;
стабильный;
станок;
старательный;
стараться;
старец;
стихийный;
стойкий;
стокгольм;
столичный;
стопудовый;
сторонник;
страховка;
строиться;
строиться;
стройный;
стройный;
стройный;
субботник;
суверенитет;
судьба;
судьба;
судьба;
супер;
супер;
существо;
схватка;
счастливец;
счастливчик;
счастливчик;
счастливчик;
счастливый;
счастливый;
счастливый;
сытный;
сытный;
сытный;
сытость;
сытость;
сытый;
сытый;
сытый;
сэкономить;
сэр;
сэр;
сюрприз;
сюрприз;
таинство;
тайна;
тактический;
тактичность;
тактичность;
тактичный;
тактичный;
тактичный;
тактичный;
талант;
талант;
талантище;
талантище;
талантище;
талантливый;
талантливый;
таллин;
телочка;
тепленький;
тепленький;
тепленький;
теплота;
теплота;
теплота;
терпеливый;
терпеливый;
терпеливый;
терпение;
терпение;
терпимый;
тесный;
тесный;
тесный;
технарь;
титанический;
титанический;
толерантность;
толк;
толковый;
толковый;
толковый;
толковый;
толковый;
томление;
томление;
тоненький;
тонус;
топовый;
топовый;
топовый;
топовый;
топовый;
торжественный;
торжественный;
торжественный;
торжество;
торжество;
торжество;
торжество;
торжествовать;
торпедирование;
тортик;
тортик;
тосковать;
точность;
точность;
трава;
традиция;
трахаться;
требовательный;
трезвый;
трезвый;
трезвый;
трепет;
трепет;
трепетный;
трепетный;
триумф;
триумф;
трогательность;
трогательность;
трогательность;
трогательность;
трогательный;
трогательный;
трогательный;
труд;
трудиться;
трудность;
трудоголик;
трудолюбивый;
трудолюбивый;
трудолюбие;
трудолюбие;
труженик;
труженик;
тщательность;
тщательность;
тщательность;
тяжба;
тяжкий;
тяжкий;
убедительный;
убеждение;
убежище;
убежище;
убойный;
уважать;
уважать;
уважение;
уважение;
уважение;
уважительный;
уважительный;
уважительный;
увеличение;
увеличивать;
увеличиваться;
уверенность;
уверенность;
уверенность;
уверенность;
увлекательный;
увлекательный;
увлекать;
увлекать;
увлекать;
увлечение;
увлечение;
углеводород;
удача;
удача;
удача;
удача;
удачливость;
удачливость;
удачливость;
удачливый;
удачливый;
удачливый;
удачливый;
удачный;
удачный;
удачный;
уделывать;
уделывать;
удивительный;
удивительный;
удивительный;
удивление;
удивление;
удобный;
удобство;
удобство;
удобство;
удовлетворение;
удовлетворенность;
удовлетворенность;
удовлетворительный;
удовлетворять;
удовольствие;
удовольствие;
удорожать;
узбекистан;
украшать;
украшать;
украшение;
украшение;
улучшать;
улучшать;
улучшать;
улучшаться;
улучшение;
улучшение;
улучшение;
улыбка;
улыбка;
улыбчивый;
улыбчивый;
улыбчивый;
улыбчивый;
умелец;
умелец;
умелый;
умение;
умение;
уметь;
умиление;
умиление;
умиление;
умиляться;
умненький;
умненький;
умнеть;
умница;
умница;
умничать;
умный;
умный;
умный;
умопомрачительный;
универсальность;
универсальность;
университет;
уникальность;
уникальность;
уникальный;
уникальный;
упование;
упоение;
упоение;
упоение;
упоительный;
упоительный;
упоительный;
упоительный;
упорный;
упорный;
упрощать;
упрощать;
упругий;
упрямство;
упрямство;
упрямый;
ура;
уразумевать;
уродец;
урожайный;
усердие;
усердие;
усердие;
усердный;
усердный;
усердный;
успех;
успех;
успех;
успешность;
успешность;
успешный;
успешный;
успешный;
успешный;
успокаиваться;
успокаиваться;
успокаиваться;
устойчивость;
устраиваться;
устраиваться;
уступка;
усыновлять;
усыновлять;
усыновлять;
утешать;
утешать;
утешать;
утонченность;
утонченность;
утонченность;
утрясаться;
ух;
учеба;
учение;
учение;
учить;
уютный;
фаворит;
фальшивка;
фантазия;
фантазия;
фантастический;
фантастический;
федерация;
феерический;
феерический;
фееричный;
феминистский;
философский;
философский;
финский;
фишка;
форс-мажорный;
фото;
француз;
фрегат;
фронтовик;
фундаменталист;
фура;
хакер;
харизма;
харизматичный;
харизматичный;
хвала;
хвалебный;
хвалебный;
хваленый;
хваленый;
хвалить;
хвастаться;
хиджаб;
химки;
хирург;
хитрец;
хитрец;
хитрец;
хитрец;
хитрец;
хитрость;
хитрость;
хитроумный;
хитрый;
ходовой;
хорошенький;
хорошенький;
хорошенько;
хороший;
хороший;
хороший;
хороший;
хохотать;
хохотать;
храбрость;
храбрость;
храбрость;
храбрый;
храбрый;
храбрый;
храм;
хрестоматийный;
христос;
царить;
цвести;
цвести;
целесообразность;
целесообразность;
целесообразный;
целесообразный;
целеустремленный;
целеустремленный;
целеустремленный;
целостность;
целостный;
целостный;
целостный;
цельный;
ценить;
ценить;
ценить;
ценить;
ценить;
ценить;
ценить;
цениться;
цениться;
цениться;
ценный;
ценный;
ценный;
цивилизация;
цивилизация;
цивилизация;
человечность;
человечность;
человечный;
человечный;
человечный;
человечный;
чернокожий;
честность;
честность;
честность;
честность;
честность;
честный;
честный;
честный;
честолюбивый;
честолюбивый;
чистенький;
чистокровный;
чистокровный;
чистоплотность;
чистоплотный;
чистоплотный;
чистоплотный;
чистосердечный;
чистота;
чистота;
чистый;
чистый;
читабельный;
чтиво;
чтить;
чтить;
чтить;
чтить;
чтить;
чтить;
чтить;
чувственный;
чувственный;
чувство;
чувствовать;
чувствовать;
чудесный;
чудесный;
чудный;
чудный;
чудный;
чудо;
чудотворный;
чудотворный;
чуткий;
шанс;
шанс;
шанс;
шанхай;
шарить;
шарить;
шарить;
шарфик;
шедевр;
шикарный;
шквал;
шпионский;
штаб;
штука;
шустрый;
шустрый;
шустрый;
шутить;
шутить;
шутливый;
шутник;
щедрость;
щедрость;
щедрость;
щедрость;
щепетильный;
эйфория;
экзотический;
эколог;
эколог;
экологический;
экономить;
экономить;
экономичный;
экономичный;
экономия;
экономный;
экономный;
экспертиза;
экстраординарный;
экстраординарный;
элегантность;
элита;
элитарный;
элитарный;
элитарный;
элитарный;
элитный;
энергичный;
энергичный;
энергия;
энергия;
энтузиазм;
энтузиазм;
энтузиазм;
эпический;
эпичный;
эпохальный;
эпохальный;
эпохальный;
эротический;
эстетический;
эстетический;
эстетический;
эстетичный;
эстетичный;
этический;
этичный;
эффективность;
эффективность;
эффективный;
эффективный;
эффективный;
эффектный;
эффектный;
ювелирный;
юмор;
юмористический;
япония;
яркий;
яркий;
яркий;
ярый;
ясность;